<?xml version="1.0" encoding="utf-8"?>
<selector xmlns:android="http://schemas.android.com/apk/res/android">

    <item><layer-list>
            <item android:left="10dp"><bitmap android:gravity="right|center" android:src="@drawable/arrow_left" />
            </item>
            <item><shape>
                 <solid  android:color="#ffffff"/>
                    <padding android:left="3dp" android:right="5dp" />
                </shape></item>
        </layer-list></item>

</selector>