<?xml version="1.0" encoding="utf-8"?>
<!-- <shape xmlns:android="http://schemas.android.com/apk/res/android"
    android:shape="rectangle" android:visible="true">

    <corners android:radius="10dp" />

    <stroke android:color="@color/gry_text" />

</shape> -->

<shape xmlns:android="http://schemas.android.com/apk/res/android">
    <solid android:color="#FFFFFF"/>
    <stroke android:width="1dip" android:color="#B1BCBE" />
    <corners android:radius="10dip"/>
    <padding android:left="0dip" android:top="0dip" android:right="0dip" android:bottom="0dip" />
</shape>