<?xml version="1.0" encoding="utf-8"?>
<selector xmlns:android="http://schemas.android.com/apk/res/android">

    <item><layer-list>
            <item android:left="1dp"><bitmap android:gravity="left|center" android:src="@drawable/phone" />
            </item>
            <item><shape>
                    <corners android:radius="4dp" />

                    <solid android:color="#00000000" />                   
                </shape></item>
        </layer-list></item>

</selector>