<?xml version="1.0" encoding="utf-8"?>
<selector xmlns:android="http://schemas.android.com/apk/res/android">

    <item><layer-list>
            <item android:left="10dp"><bitmap android:gravity="left|center" android:src="@drawable/building" />
            </item>
            <item><shape>
                    <corners android:radius="4dp" />

                    <stroke android:width="1dp" android:color="@color/blue_latter" />

                      <solid  android:color="#00000000"/>
                    <padding android:left="3dp" android:right="5dp" />
                </shape></item>
            <item android:right="5dp"><bitmap android:gravity="right|center" android:src="@drawable/dropdown" />
            </item>
        </layer-list></item>

</selector>